start,end,text
2630,7470,Глава 3 Глава!
7910,9990,Вас ждут Оранви и старейший Наргидон.
11010,14910,"Я оглядел склонившегося передо мной Годий, один из"
14910,18410,"двух предателей, которого я освободил от подчиняющей печати,"
18850,22430,"но обязал хранить верность семье сломанного клинка, на"
22430,25370,"всякий случай, в три цвета, но для всех"
25370,28450,рядовых Орденцев — верной новой семье и верному
28450,31390,"Ордену бывший и будущий Комптур, надеюсь."
32250,35930,Итогом всех наших разговоров под формацией стало именно
35930,40090,"это — подмена Морщинистого, утаивание части правды от"
40090,43250,"всех, кто был ниже рангом, чем Комптуры, и"
43250,45890,"утаивание большей части правды от всех, кто был"
45890,47310,"ниже рангом, чем Попечитель."
47890,50990,"Не идеальное решение, но время признания еще не"
50990,51350,пришло.
52150,55010,С каждым из обоих невольных предателей Ордена долго
55010,58730,"беседовал Озман, задавший им кучу вопросов под трехцветной"
58730,59210,истиной.
59210,61530,Каждый из них в итоге получил от него
61530,64489,"целое наставление, что и как сообщать их бывшим"
64489,68710,"хозяевам, клану Эрзум и второму, оставшемуся неизвестным."
69330,72510,"Я, представивший своим новым старейшинам и прочим Озмана,"
72850,75910,"главу знающих семьи, во время этого допроса и"
75910,78490,последующего обсуждения больше молчал и слушал.
79230,81930,"Своё дело я уже сделал, осадил Озмана с"
81930,85890,"его безумной идеей про Императора, представил его старейшинам."
85890,88630,"Дальше всё в их руках, я всё равно"
88630,90710,не знаю многих тонкостей жизни Императора.
91550,94150,"Как по мне, всё выходило вполне правдоподобно."
94850,98230,"Орден долго держался, много десятилетий верил в возможность"
98230,101290,заслужить прощение Императора в битвах с сектантами и
101290,105130,"получить право возродить Орден, но жёсткая проверка стражам,"
105270,107470,который на пустом месте искал что-то странное
107470,110910,"и унизил остатки Ордена, втоптал в грязь какие"
110910,114810,"-то прежние договорённости, наглядно показав, кем их считают,"
115210,118270,"привели к расколу, вернее, сразу к нескольким идущим"
118270,119170,подряд расколам.
119910,122790,Часть орденцев остались в Скунг и решили продолжить
122790,125550,"битву с сектантами, всё ещё надеясь на искупление"
125550,128130,или боясь отказаться от последних иллюзий.
128850,130370,Ушедшие развалились ещё раз.
131030,133930,"Одни, то есть мы, решили полностью порвать с"
133930,136970,"орденским прошлым и влиться в новую семью, начать"
136970,139050,"всё заново, отказавшись от прошлого."
139590,143250,"Другая, большая часть ушедших, решили, что можно заслужить"
143250,146730,"прощения императора другим способом, отыскав тело Раллера."
147410,150570,"Звучало безумно спустя половину столетия после той битвы,"
151030,153130,"но все уверяли меня, что этому поверят."
154010,156690,"Мне тоже оставалось лишь верить, верить тому, что"
156690,159570,в глазах получивших эти сообщения от уже бывших
159570,164830,"предателей орденцы выглядели слабыми, растерянными, сомневающимися в будущем"
164830,167790,"и выбранном пути, беспомощными и неопасными."
168610,171890,"Годи уже отчитался перед Эрзум, второй ещё нет,"
172310,173210,с ним было сложнее.
173910,175930,"Все, кому доносил он, сами искали с ним"
175930,179010,"встречи, предъявляя особый предмет, по которому он их"
179010,179590,узнавал.
180290,182890,"Сомневаюсь, что они заявятся за разговором в каменный"
182890,183610,лабиринт.
184170,187490,"Про морщинистого, которого спящим тащили с собой, даже"
187490,189890,"думать не хотелось, хотя бы потому, что он"
189890,191510,самый опасный груз нашей семьи.
192070,195130,"Попробуй-ка объясни всем непосвященным, что за груз"
195130,197130,"в том коробе, да к тому же, его"
197130,199930,"донесение и молчание было, вероятно, самым важным."
200370,203050,"Уж слишком высоко находились те, кому он служил,"
203170,203930,предав орден.
204330,206910,Но заставить его передать сообщение с нужными нам
206910,208410,словами не удастся.
208850,210990,"Так что с каждым днём тот, кто ждёт"
210990,213210,"от него донесения всё сильнее и сильнее, теряет"
213210,213710,терпение.
214530,217090,"Я не очень верил, что это Рамвелор, как"
217090,218930,"не верил в то, что Император лично все"
218930,221870,"эти десятилетия следил за тем, чтобы как можно"
221870,225050,"больше гадостей и испытаний подсыпать ордену, который его"
225050,225470,подвёл.
226070,229130,"Хотя, конечно, моя уверенность смешна, ведь в своём"
229130,232650,"мнении я полагался на сказки, которые мама читала"
232650,234010,мне в детстве в нулевом.
234530,237230,"И всё же, и всё же..."
237230,239750,"Я отлично помнил ту историю о мести соседям,"
240170,241990,про которую мы так долго когда-то говорили
241990,244750,"с мамой в безвестной деревушке нулевого, когда она"
244750,247870,пыталась заставить меня отказаться от мести Вирглу и
247870,249970,переврала несколько моментов из той истории.
250650,252870,"Но я помнил тогда, и верю сейчас, что"
252870,256550,"Рамвелор мог разорить соседей, убить главных виновников и"
256550,259709,"прочее, но гадить так мелко, посылать кого-то"
259709,263050,"охотиться на орденцев, едва они вылазили из шестого"
263050,265310,пояса и земель Кунг — бред же.
265810,267550,Не Виргл же в самом деле Рамвелор.
268190,270710,"Как по мне, виновники всех этих убийств —"
270710,273270,"куча шакалов, которые все эти годы вымещали свои"
273270,276510,"личные мелкие обиды на ослабевшем ордене, и Рзум"
276510,279270,"и прочие, кого орден задел, когда был силён,"
279370,281370,велик и шёл вперёд ни на кого не
281370,282010,оглядываясь.
282470,286310,"Ну и, конечно же, Велор, клан Императора, наделённые"
286310,289370,"властью и возможностями люди, у которых не могло"
289370,291930,"не быть своих целей, своих желаний и своих"
291930,292290,обид.
293010,295670,Кого проще всего заподозрить в предательстве Райлера?
296370,298890,"Его братьев и сестёр, тех, кто тоже на"
298890,301870,"самом деле Велорцы, и кому мог служить Морщинистый."
302570,305830,"Затем матерей всех этих детей, которые вполне могли"
305830,308530,"завидовать тому, что не их сын — любимец"
308530,309210,Рамвелора.
309890,313590,"После, на подозрение все их слуги, подчинённые, многочисленные"
313590,317490,"дяди, тёти, дедушки и прочие родственники, старейшины, которых"
317490,320630,"в огромном клане Императора было великое множество, и"
320630,322890,которых было ещё больше в кланах и семьях
322890,325170,родных его жён и детей — все они
325170,327650,могли преследовать свои цели в уничтожении ордена.
328430,330390,"А может быть, всё было гораздо проще, чем"
330390,333350,"казалось моим новым старейшинам, и чем казалось мне."
334010,336830,"Пни упавшего — старая забава, которую я когда"
336830,338210,-то испытал на своей шкуре.
338750,341150,"Те, кто заглядывал мне в рот, слушая рассказы"
341150,344490,"о путешествии по нулевому, позже пинали меня, обливали"
344490,347830,"помоями и опрокидывали вёдра с водой, мешая выполнить"
347830,348790,норму по поливу.
349310,350590,Зачем они это делали?
351170,353930,"Потому что могли, потому что привыкли так доказывать"
353930,357350,"свою силу, потому как уверились, я не отвечу,"
357710,359570,"а им за это ничего не будет, с"
359570,362490,"попустительства взрослых, которые боялись главу деревни."
363410,366230,"Ратли был сам карду моим страданиям, да ему"
366230,367310,плевать было на них.
367830,371530,"Так, раздражался на никчёмного сынка, который занимался глупостями,"
371630,374050,"шпыняя меня вместо нужных дел, но не более."
374770,377550,"Останавливать его забавы он не собирался, пока я"
377550,380030,"едва не свернул шею, а мама лишь чуть"
380030,383350,"менее сильная, чем карду, а потому опасная, не"
383350,385210,"показала зубы, требуя справедливости."
386030,388450,У Ордена давно уже не было силы сильнейшей
388450,391810,"фракции Империи, остались лишь крохи тех великих сил,"
392230,396770,"тщательно сберегаемые секреты формации, составные техники, методики закалки"
396770,400310,"и тренировки, делавшие из Орденцев очень опасных бойцов."
400310,402970,Но как бы ни были опасны бойцы этапов
402970,405530,"Предводителя и Властелина, как бы ни были сильны"
405530,408470,"формации, которые они одержали на готове, всё это"
408470,410630,ничто перед ударами Повелителей Стихии.
411590,414050,"Но миновали дни пути, и десятки ли по"
414050,416270,"полю битвы, а мы живы и целы."
416750,418170,"Значит, у нас всё получится."
418850,422570,"Мы достоверно разыграли очередной раскол, Озман нашёл правильные"
422570,425810,"слова для Эрзум, Императору плевать, что там происходит"
425810,428630,"с распущенным Орденом, как и стражам Кунг и"
428630,431130,"прочим, кому уже донесли про события в городе"
431130,431710,Пятиветров.
432150,434690,"Во всяком случае, быстро собраться и ударить они"
434690,437810,"не смогли, не захотели или не решились, а"
437810,438770,дальше всё будет проще.
439550,441950,"Я, наконец, прошёл весь лагерь насквозь и добрался"
441950,442990,до Седова и прочих.
443470,446330,Он вместо приветствия кивнул мне и присёл прямо
446330,449230,"на песок, в котором просто и незамысловато принялся"
449230,451690,чертить палочкой извивок каменного лабиринта.
452330,455210,"Да, зелень, земля и пусть редкие, но лесочки"
455210,456510,снова сменились песками.
456510,460510,"Я, уже опытный, выслушавший несколько десятков уроков от"
460510,463770,"лучших знатоков Ордена, прекрасно знал, что это первейший"
463770,467230,"признак приближения к зонам запретов, которые дотянулись даже"
467230,470210,"до ветров и дождей, превратив свои окрестности в"
470210,471310,безжизненные пустыни.
472010,474330,"Внутри всё может быть по-другому, но на"
474330,476930,подходах в семи случаях из десяти будут пески
476930,478250,от горизонта до горизонта.
478870,481410,В нашем случае от нашего лагеря до расщелин
481410,484730,"в невысоком каменистом плато и дальше, до покрытых"
484730,487890,"дымкой гор, которые изрядно приблизили к кромку горизонта,"
487970,490190,"закрывая от взгляда то, что лежало за ними."
491290,493450,«Разведчики прошли на три дня пути.
493930,496810,"Вот здесь, — Палочка Седуба указала на кружок"
496810,499790,"чуть в глубине лабиринта, — похоже, долгие годы"
499790,501490,становились лагерем Люди Мурлан.
502070,506270,"Неблохое место, с водой, укрытиями в виде сохранившейся"
506270,508110,"поместья, зелени и прочего."
508810,510710,"Смирив меня взглядом, Седой припечатал."
511110,512590,Но нам оно не подходит.
512590,514370,Рагедон пояснил.
514730,519330,"«Слишком легкодоступно, слишком открыто, слишком трудно защищать и"
519330,519789,прочее.
520350,521909,Поэтому мы пойдем сюда.
522470,526090,"Седой прочертил в песке извилистую линию, постепенно уводя"
526090,527210,ее куда-то на восток.
527830,529170,Вглубь зон запретов.
529710,532170,Поместим их между собой и возможными гостями.
532810,535350,"Сейчас покажу, как это выглядело раньше и на"
535350,535870,самом деле.
536770,538970,Седой отбросил палочку и развел руки над своими
538970,539570,каракулями.
539570,543130,"Через вдох из песка начали подниматься голубые холмы,"
543550,544510,"реки, поместья."
545010,547270,"Крошечные, но вполне угадываемые."
547850,551050,Седой сейчас накладывал сверху своего рисунка карту древних.
551990,554870,"Извилистый путь, которым мы должны были пройти, ввел"
554870,557730,"нас через плоскогорье, где не было и следа"
557730,560650,плато и извилистых ходов расщелен в нем к
560650,563990,"большому квадратному поместью, что занимало в прошлом огромное"
563990,567150,пространство и было окружено десятками более мелких.
567150,570630,"Что там сейчас неизвестно, потому как в записях"
570630,573710,"Озмана не нашлось сведений об этом рукаве лабиринта,"
574190,576790,словно Морлан никогда и не пытались продвинуться теми
576790,577290,проходами.
578270,580510,"Удерживая карту, Седой поднял на меня взгляд."
580930,584130,"«Уже сейчас ясно, что глупцы Морлан должны были"
584130,587250,"всей силой кинуть на штурм каменного лабиринта, а"
587250,589310,не пытаться сорвать куш на диких землях».
589950,591950,Я не понял и потребовал объяснения.
592470,598350,"«Почему?» Я взял палочку, которую тот отбросил,"
598670,601370,и провел сквозь иллюзорную карту еще одну черту.
602510,603110,«Север».
603110,605670,Вытянул палочку по направлению к одной из гор
605670,605970,вдали.
606590,608010,«И вот север».
608510,610610,"Склонившись, воткнул палочку в песок прямо в гору"
610610,612810,к карте древних и чуть в стороне от
612810,613510,линии севера.
614230,615270,«И вот эта гора.
615930,617850,"Мы видим ее не там, где она должна"
617850,618410,находиться.
618990,620610,Это может означать только одно.
621190,625610,"Основная формация иллюзии каменного лабиринта настолько огромна, что"
625610,627890,"искажает десятки, если не сотни ли»."
628510,629210,Седой кивнул.
629550,632350,«Это точно будет один из важнейших ключей всего
632350,633070,поля битвы.
633730,636350,На одних этих землях можно будет получить столько
636350,639150,"ресурсов, что хватит и шестизвездной фракции»."
639910,640770,Я усомнился.
641270,644930,«И небесные испытания для повелителя стихии?» Седой
644930,645470,не смутился.
646030,647410,"«Разумеется, кроме этого."
647970,650910,"Если угодно, то здесь ресурсов и вещей древних"
650910,653190,на три пятизвездочные фракции хватит.
653190,656770,И этого никто не обнаружил раньше?» Ответил
656770,657470,мне Рагидон.
658090,661730,«Отклонение истинного положения гор и иллюзорного крошечное.
662170,664430,"Сейчас на карте я сделал его таким большим,"
664530,666410,"чтобы вам было нагляднее видно, глава»."
667230,667970,Седой добавил.
668410,670350,"«К тому же ни у кого, кроме нас,"
670510,673170,"Орденцев, нет такого богатого опыта."
673670,676190,"И этот же опыт говорит мне, что нужно"
676190,678910,"двигаться к ключу лабиринта совсем не тем путем,"
679210,681010,которым пытались это сделать Мурлан.
681010,685470,"Они даже не понимали истинного размера лабиринта, пытаясь"
685470,687130,пройти его кратчайшим путем.
687610,689150,Кратчайший на поле битвы?
690130,690870,Смешно».
690870,693470,"Я задумался, пока Седой не потребовал ответа."
693770,696910,"«Молодой глава, что по лагерю?» Я коротко"
696910,699650,"ответил, прекрасно осознавая, что это не более чем"
699650,700250,формальность.
700530,701370,«Не возражаю».
702190,703870,Теперь вопрос задал Рагидон.
704290,707550,"«Глава, вы все еще настаиваете, что будете в"
707550,710250,первых рядах?» «Разумеется».
710250,711270,Они переглянулись.
711770,713090,Седой погасил карту и встал.
713710,716850,"«Тогда пошли к Келлеру, заберем твою броню»."
717550,718310,Я лишь кивнул.
718890,721370,Проще всего оказалось мечом старшего тезиора.
722030,723010,Его я получил давно.
723610,726110,"Маску тоже, хотя в ней теперь было всего"
726110,726850,два облика.
727310,730030,Большего артефактур моей семьи в ранге Властелина Духа
730030,730830,сделать не сумел.
731310,734230,"Этим, наконец, уверив меня, что Фатия действительно талант,"
734610,736150,и укрепив в будущих планах.
736150,738670,А вот доспех Ян лишь изо дня в
738670,741430,"день обещал вот-вот отдать, каждый раз выводя"
741430,742190,Седого из себя.
742790,745150,"Он очень переживал, что молодой глава без защиты,"
745530,747090,"в то время, когда каждый день с неба"
747090,748610,может обрушиться удар врагов.
749290,752690,"Отыскав заметно помолодевшего за эти дни Келлера, Седой"
752690,754330,навис над ним и мрачно сообщил.
754890,756410,«Больше отговорок не приму.
756770,757710,Твое время истекло».
758550,759510,Келлер вздохнул.
760070,762590,"«Ладно, ладно», — поклонился мне."
763090,764510,"«Молодой глава, приветствую»."
764510,768270,«Что я могу сказать?» «Это добротный доспех
768270,768990,старой работы.
769570,772310,"Не древних, но первых лет основания Империи»."
772950,773970,Я заинтересовался.
774370,777370,"«А что, есть доспехи древних для Зон Запретов"
777370,781190,"?» «Есть», — буркнул Седой, заставив меня удивиться."
781830,784030,«Я о таких и правда слышал первый раз».
784590,786470,«Очень забавная деталь на самом деле.
786970,789350,"Хотя, может быть, я слишком подозрителен со всеми"
789350,792590,этими разговорами последних дней и ожиданиями нападения.
793250,795890,"Может быть, создав Зон Запретов как защиту от"
795890,799210,"сектантов, древние дополнили ее и броней для тех,"
799610,801210,кто должен был в этих зонах биться с
801210,801690,сектантами».
802490,805010,"Не дождавшись от меня новых вопросов, Седой отвернулся"
805010,806130,к Келлеру и спросил.
806410,808410,«Что ты скажешь про ее качество?
808850,812210,"У нас есть лучше?» «Есть», — кивнул"
812210,814310,"тот, но тут же с улыбкой добавил."
814770,816010,«Но не намного лучше.
816710,819510,"Чуть крепче сталь, чуть больше энергии берет из"
819510,822030,"средоточий, чуть поновее, не более."
822650,825230,Не так уж много материалов подходит под броню
825230,826710,для Зон Запретов».
826710,827690,Седой нахмурился.
828110,832170,"«Выходит, это действительно она?» «Да», — кивнул"
832170,832610,Келлер.
833050,835450,«Это действительно броня для властелинов.
835910,839570,"Она просто износилась за минувшие столетия, потеряла часть"
839570,840190,свойств.
840710,842850,"И в ней нужно было кое-что поправить,"
843210,846790,"причем не косорукому артефактору, а тому, кто разбирается"
846790,849670,"в давно забытых, старых методах артефакторики."
849670,851550,Я сбросил привязку.
851950,853630,"Попробуйте еще раз, молодой глава»."
854450,857610,"Я принял броню, которая даже выглядеть стала поновей."
858150,861130,"«Почистили ее, что ли?» Расстегнув первый ремень,"
861190,864070,"вдруг вспомнил, как опасался надевать ее первый раз."
864570,865710,"Боялся, что это ловушка."
866390,869210,От этих воспоминаний даже замешкался со второй застежкой
869210,871470,и искоса глянул на Седого и Келлера.
872310,874630,"Второй ничего не понял, а вот Седой тут"
874630,875830,же прищурился и спросил.
875830,878850,"«Что, молодой глава?» Я отмахнулся."
879190,879610,«Ничего.
880370,883030,"Если я действительно буду подозревать, что Седой и"
883030,886330,"Келлер разговаривались надеть на меня артефакт, который лишит"
886330,889010,"меня умений и возможностей, то к чему тогда"
889010,889910,все мои старания?
890410,892750,"Мне что, дописать в указы Седого и Келлера"
892750,894730,"условий, чтобы обезопасить себя?"
895330,896230,"Ну да, ну да."
896770,899450,"А потом дописать этих условий вообще всем, да"
899450,900510,"побольше, побольше."
901230,903730,За мной либо будут идти добровольно и по
903730,906530,"своему желанию, либо все это нужно бросить прямо"
906530,908990,"сейчас, потому что ни к чему хорошему это"
908990,910330,не приведет».
910330,912450,"Передал броню Седому, стянул халат."
913010,916250,"Келлер явно заинтересовался моими наручами, но не сказал"
916250,916690,ни слова.
917330,918910,Я тоже не собирался говорить про них.
919670,923150,"Нет, Келлер, конечно, лучший артефактор сломанного клинка, но"
923150,925810,"и клотир не просто прохожий с улицы, тем"
925810,928250,"более, что наручи и не артефакт в общепринятом"
928250,931890,"смысле, лишь броня из странного материала невероятной прочности."
932750,935330,"С помощью Седого неспешно накинул броню на плечи,"
935810,937330,он же затянул ремень на боку.
937930,940770,Палец резанул уже сам и коснулся им центра
940770,941050,брони.
941750,944490,"Она тут же проснулась, второй раз начала привязку"
944490,947110,"ко мне, плотно обхватила мое тело в одних"
947110,950270,"местах, расширилась в других, чтобы я чувствовал себя"
950270,952870,"в ней удобно, а затем потянула из меня"
952870,953330,силу.
954070,955490,Но в этот раз я не следил за
955490,958490,"тем, как она прорастает дымкой в средоточиях, а"
958490,959310,глядел на грудь.
959910,963150,"Кровавый отпечаток пальца впитался в сталь, а навстречу"
963150,964510,ему протаял огонек.
965070,968950,"Он быстро разросся, стал ярче и загнулся, превращаясь"
968950,970230,почти в две трети круга.
970790,972630,"Все верно, шесть звезд."
973230,976430,"Спасибо Зеленорукому, с которым обязательно нужно поговорить."
977190,979990,"Я не готов отказываться от подобной возможности, но"
979990,980710,это все потом.
981430,982710,Сейчас самое важное.
983550,987190,"Внутри первого, незавершенного круга загорается еще один огонек,"
987610,990190,"также изгибается, начиная вырисовывать второй круг."
990830,993130,Вот он уже нарисовал треть круга и пополз
993130,993490,дальше.
994050,996870,"Половина круга, а затем огонек замирает, не догнав"
996870,998130,"первый, внешний круг."
998130,1002150,"«Как интересно, молодой глава!» — чурись, произнес"
1002150,1002610,Келлер.
1003150,1005730,Ни с одним предводителем она не давала подобного
1005730,1006330,результата.
1006870,1009250,«Потому что никто не сравнится в таланте с
1009250,1011150,"молодым главой», — отрезал Седой."
1011470,1015070,«Он одновременно проводит два этапа возвышения».
1015070,1018690,"«Проводить он может сколько угодно этапов, но броне"
1018690,1020210,нужно третье средоточие.
1020790,1023670,"Оно у вас есть, молодой глава?» Я,"
1023849,1026630,"который все это время морщился, но морщился о"
1026630,1029829,"своем, о своих мыслях, и будущем, и возвышении,"
1030349,1031329,криво усмехнулся.
1032250,1032950,«Нет».
1032950,1035010,Келлер потер переносицу и попросил.
1035430,1039030,"«Молодой глава, давайте я сброшу привязку»."
1039030,1040970,"Это ничего не изменило ни в этот раз,"
1041369,1042290,ни в три следующих.
1042770,1046290,"Броня снова оценивала мое возвышение, снова выдавала мне"
1046290,1049230,что-то близкое к пятизвездам Властелина и снова
1049230,1052550,"не могла найти третье средоточие, чтобы получить доступ"
1052550,1053950,к запасам его эссенции.
1055270,1057570,«Так...» Хмурый Келлер махнул рукой.
1057750,1058510,«Снимайте.
1059090,1061470,Нужно попробовать другой доспех».
1061470,1065030,А вот другой доспех Властелина меня считать отказался.
1065730,1067330,Седой вперил взгляд в Келлера.
1067710,1071110,«И что это значит?» «Что суть проблемы
1071110,1074370,"в той части, которая оценивает возвышение»."
1074370,1077770,«А что ты намекаешь?» Келлер поднял ладони.
1077770,1081270,"«Аранви, ты злишься, даже не дослушав."
1081730,1085250,"Видимо, в этой старой броне она чувствительней и"
1085250,1089730,"оценивает сразу качество эссенции, пропускную способность меридианов на"
1089730,1091010,вратах сил и прочее.
1091610,1094930,"Думаю, что у нашего молодого главы огромное будущее,"
1095590,1096630,как у всех нас».
1097230,1098710,«То-то же».
1098710,1101910,"Самодовольно, словно это его только что хвалил Келлер,"
1102290,1103050,фыркнул Седой.
1103050,1105610,"Я лично не считал, что дело в оценке"
1105610,1108730,"качества эссенции и прочем, что назвал Келлер, хотя"
1108730,1111490,"бы по простой причине, что врата силы —"
1111490,1114450,"это дополнительная мощь, которую Властелину Духа вливают в"
1114450,1116250,технике с помощью эссенции Духа.
1116830,1118430,"Из того, что я видел в теле Седого"
1118430,1122150,"и Зеленорукова во время изучения этого момента, это"
1122150,1126110,"больше походило на создание второго дополнительного меридиана, который"
1126110,1128230,шел рядом с нужным от самых истоков до
1128230,1129110,конца созвездия.
1129810,1132730,"Или, если взглянуть на происходящее немного по-другому,"
1133170,1136810,"на очень и очень толстую оплетку, которая возникала"
1136810,1137650,вокруг меридиана.
1138370,1140730,"Я уже не только задумывался над этим, но"
1140730,1143510,"и даже пытался как утолщать свои оплетки, так"
1143510,1144950,и провести по ним больше силы.
1145310,1148130,"И не просто провести, а провести от средоточия"
1148130,1148990,до нужного места.
1149690,1152270,Ну или зачерпывать нужное количество силы сразу из
1152270,1154710,тела по всей длине оплетенного меридиана.
1155350,1157870,Но даже без всего этого оплетка меридианов у
1157870,1160410,"меня была, и броня могла считать их раньше"
1160410,1162290,за врата силы слабого властелина.
1162770,1163330,Сейчас же.
1164110,1165970,"Я вот точно мог сказать, что сейчас моя"
1165970,1168370,"оплетка лучше, чем во времена событий в городе"
1168370,1168610,Ян.
1169130,1171010,Потому-то броня и добавила мне звезд.
1171450,1173410,Но к вратам силы это пока не имело
1173410,1174470,никакого отношения.
1174950,1175670,Это другое.
1176070,1177170,"Во всяком случае, сейчас."
1178030,1180310,Сказать это означало бы расстроить Седова.
1181490,1182090,Хотя...
1182090,1185310,"Я смелил его взглядом, заставив скинуть брови в"
1185310,1186070,немом вопросе.
1186690,1188890,"С его уверенностью во мне могло так выйти,"
1189010,1190790,что он бы просто не принял всерьез мои
1190790,1193510,"слова, или придумал им другое объяснение."
1194270,1195230,Я и сам так могу.
1195790,1198710,Могу отбросить рассуждение об оплетке и перейти к
1198710,1200810,толщине самих изначальных меридианов.
1201590,1204630,"Сейчас я могу твердо и уверенно, после осмотра"
1204630,1207570,"стольких-то властелинов, сказать, что ни у одного"
1207570,1209510,из них нет меридианов моей толщины.
1210270,1212430,Я набрал не так много звезд с того
1212430,1215990,"момента, как начал лечить Зеленорукова, но внутри изменился"
1215990,1216890,гораздо сильнее.
1217570,1220550,"Мои змеи успешно справлялись с расширением что духовных,"
1220830,1222050,что стихийных меридианов.
1222650,1225390,"Я же успешно справлялся с последствиями этих расширений,"
1225770,1227970,залечивая рубцы и растяжение меридианов.
1228690,1231610,"Сначала суета дни в городе Пятиветров, когда на"
1231610,1233910,меня свалились все эти обязанности главы семьи.
1234590,1237430,"Я надеялся, что станет легче после появления Седого"
1237430,1240390,"и Старейшин, ха-ха-ха, как бы не"
1240390,1240610,так.
1241390,1243670,"Не прошло и трех дней, как ко мне"
1243670,1246690,"повалили буквально толпы, жаждущих поглядеть, кто это такой"
1246690,1250550,"Ирал, глава Сломанного Клинка, к которому бывшие орденцы"
1250550,1251710,заявили всей толпой.
1252410,1255130,"Что это за гордый и безумный наглец, который"
1255130,1257850,"выпнул прочь три четверти пришедших к нему орденцев,"
1258290,1260810,зато оставил всякий сброд и детей-сирот с
1260810,1261090,улиц?
1261090,1266950,"Просто глазели, набивались навстречу, мучали вопросами, наглели, завуалированно"
1266950,1269330,оскорбляли и нащупывали границу дозволенного.
1269770,1271450,"И прочее, и прочее, и прочее."
1272230,1274510,"Радует, что, видя рядом со мной хмурого Седого"
1274510,1277390,"и Пересмешника, в большей части из таких гостей"
1277390,1279930,все же просыпалось здравомыслие и желание жить.
1280390,1282730,"Радует, что эти мои мучения хотя бы не"
1282730,1283430,прошли даром.
1283870,1286170,За четыре дня я заполучил еще почти десяток
1286170,1289470,"сильных одиночек и еще два неплохих отряда, чьи"
1289470,1292370,главы не так давно попробовали заполучить двойную оплату.
1292850,1295670,"Надеюсь, эти дополнительные силы тоже добавят шанса в"
1295670,1299490,"семье Сломанного Клинка пережить внимание имперских чиновников, велорцев"
1299490,1300110,и прочих.
1300850,1303510,Пока что никто из этих самых сильнейших фракций
1303510,1306570,"Империи не решился закончить это самым простым путем,"
1306970,1309470,просто и незатейливо стереть с лица земли остатки
1309470,1309890,ордена.
1310650,1312970,"Иногда закрадывалась мысль, что я не прав в"
1312970,1316090,"своих рассуждениях про шакалов, и это их прям"
1316090,1317050,приказ Императора.
1317710,1320770,Орден должен и страдать как можно дольше.
1321450,1324950,"Поэтому и убивают одиночек, которых получается поймать, а"
1324950,1326750,основную часть ордена не трогают.
1327530,1328930,Мне эта мысль неприятна.
1329450,1332090,"Она означает, что тот герой детских сказок на"
1332090,1335550,"самом деле злопамятный и жестокий человек, небесный воин,"
1335630,1338270,который уподобился кому-то из моих детских мучителей.
1338990,1341310,"Но тут нужно еще подумать, а сам-то"
1341310,1341750,я лучше?
1342550,1345150,"Тот же Озман, пусть и обставил это красивыми"
1345150,1348130,"словами, на самом деле описал меня как мстительного"
1348130,1351230,"и злопамятного человека, который в одном случае встанет"
1351230,1354470,"на колени, чтобы выжить перед лицом непобедимого врага,"
1354870,1357290,"в другом случае же убьет, едва получит такую"
1357290,1357890,возможность.
1358610,1361390,"По описанию, не самый приятный Дарсов-ублюдок."
1362110,1364370,"Можно утешить себя мыслью, что кое в чем"
1364370,1365210,Озман не прав.
1365830,1368110,Я не вставал на колени перед Комтором Ордена
1368110,1371250,"Морозной Гряды пратьем, не вставал на колени, когда"
1371250,1374050,"меня догнали на болоте старейшины Ордена Морозной Гряды,"
1374550,1376850,не вставал на колени перед Темным и даже
1376850,1380490,"перед Изардом, духом города Тысячи Этажей, а уж"
1380490,1382670,сильнее его я пока не встречал идущих.
1383330,1386870,"Велитель стихии, древний дух, дух целого города."
1387710,1389850,"Правда, я не знаю, сколько у него звезд,"
1390230,1393350,"вернее, испытаний, но не сомневаюсь, что он достиг"
1393350,1394470,именно этого ранга.
1395090,1397650,"Так что еще вопрос, не являюсь ли я"
1397650,1400070,"со стороны столь же жестоким человеком, как и"
1400070,1400610,Рамвелор?
1401130,1404710,"Взять ту же бессердечную Сукулаю, которую я вместе"
1404710,1407490,с ее людьми наказал служением семье Пеатрия.
1407950,1410990,"Уверен, расскажи я эту историю целиком сотне человек,"
1411550,1414050,"половина не меньше скажут, что я наказал их"
1414050,1414530,ни за что.
1415190,1417810,Как сейчас сам говорю про наказание Ордена Небесного
1417810,1420510,"Меча, которое длится уже половину столетия."
1421290,1424550,Рамвелор мог и хотел наказать Орден Небесного Меча
1424550,1425270,за смерть сына.
1425730,1426990,Поэтому взял и наказал.
1426990,1430550,И многие фракции Империи с радостью бросились исполнять
1430550,1433230,"этот приказ, щедро добавляя в него от себя."
1434130,1435610,Все решает только сила.
1436250,1440030,"Сохрани Орден Небесного Меча сильнейших идущих, доступ к"
1440030,1442790,"своим землям, и все, возможно, повернулось бы по"
1442790,1443170,-другому.
1443970,1446110,Мы и пробуем сейчас повернуть все по-другому.
1446510,1448050,И для начала нужно стать сильней.
1448630,1450470,Всем вместе и каждому по отдельности.
1451070,1454630,"И сильнейшим должен стать глава Сломанного Клинка, тайный"
1454630,1456890,молодой магистр Ордена Небесного Меча.
1457490,1460490,Он должен для начала выковать хотя бы себя.
1461510,1464270,"Расширенные меридианы — это замечательно, но их нужно"
1464270,1466290,"испытать хотя бы в деле, хотя бы в"
1466290,1466730,схватке.
1467210,1468490,"Настоящие, а не в тренировке."
1469050,1470750,"Настоящие, а не в одной из тех, что"
1470750,1471770,я провожу в жетоне.
1472350,1474630,"Там и враги у меня уже слабоваты, да"
1474630,1477410,и поднадоели за столько лет сражений растянутого времени.
1478290,1481490,Среднее зелье Ростка-Средоточье уже закончило свое действие.
1482010,1485710,"Принять следующее означает остаться в лагере семьи, потому"
1485710,1487390,что с этим зельем я не могу год
1487390,1488570,посещать Зона Запрета.
1489170,1491390,"Я не могу себе этого позволить, не сейчас,"
1491890,1494630,"хотя очень бы этого хотел, потому что Зона"
1494630,1497950,"Запрета заставляет меня отложить не только зелья древних,"
1498330,1501050,"но и тренировки, которые должны меня изменить."
1501890,1505750,"Как изменится Круговорот, вернее, Круговороты с моими расширенными"
1505750,1508330,"меридианами, по которым я проведу циркуляции?"
1508990,1511210,Сколько сил я смогу влить в барьер пребоя
1511210,1511530,с ними?
1512130,1514410,Сумею ли я выпустить змеев стихии в Зонах
1514410,1516690,"Запрета, создав новый вид тренировки?"
1517190,1520010,Помогут ли мне орденские методики закалки души?
1520590,1523670,"Действует ли она на истинных мастеров указов, или"
1523670,1526650,"то, что дано талантам и родителями сильная душа,"
1526670,1528230,не может быть улучшено до предела?
1528650,1530050,"С чем родился, с тем и живи."
1530590,1532430,Но на самом ли деле я получил настолько
1532430,1533910,сильную душу от рождения?
1534730,1537270,"Я в этом сильно сомневался, несмотря на тело,"
1537330,1540050,"идущее вслед за душой и прочее, и намеревался"
1540050,1540530,проверить.
1541030,1543770,"Но для этого нужны самые опасные Зоны Запрета,"
1544270,1545450,Зоны Запрета Жизни.
1546110,1548790,"Они здесь есть, это точно, не могут не"
1548790,1548990,быть.
1549570,1552230,"Они есть везде, где хранятся ключи полей битв."
1552690,1554070,А этих самых ключей много.
1554730,1557930,"Древние не любили жить тесно, везде ставили порталы"
1557930,1560830,"путей, а когда на их земли хлынули сектанты,"
1561210,1563310,"сделали так, что каждый шаг стал для них"
1563310,1563950,смертельным.
1564590,1567670,"Сектанты сумели получить доступ к путям, а древние"
1567670,1569290,сумели все эти пути сломать.
1569850,1573070,"Затем подняли барьеры и Зоны Запретов, превратив огромное"
1573070,1576410,"пространство поясов в сотню лабиринтов, набитых големами и"
1576410,1577490,прочими опасностями.
1578070,1581150,"Пройдя один такой до конца, и получишь возможность"
1581150,1584130,"снять запреты, получить немного безопасных земель."
1584130,1586850,"На самом деле, это не более чем иллюзия."
1587430,1590450,"Древние заманивали сектантов, истощая их силы и число,"
1590930,1593030,чтобы в конце ударить по ним лично или
1593030,1595730,"завести их в Зоны Запрета Жизни, формацией, где"
1595730,1597490,в действие вступал указ смерть.
1598010,1600910,"Прообраз того, что обрушил на земли Альянса тысячи"
1600910,1603690,"сект, последний император Империи Сынов Неба."
1604350,1607530,"Там, где сектанты были сильнее погибших владельцев городов,"
1607690,1610530,"поместья и прочего, они сумели добиться успеха."
1610930,1613370,"Но во всех остальных местах они погибли, не"
1613370,1614610,сумев добраться до ключей.
1615210,1619070,"Древние, сгинув в огне, охватившем столичный округ, отомстили"
1619070,1619770,за свою смерть.
1620530,1622910,Успех ждал секта лишь на части земель шестого
1622910,1626610,"пояса, куда, уходя от указа смерти императора, пришли"
1626610,1627230,боги сект.
1627710,1630150,В остальных местах уже четыре сотни лет властвуют
1630150,1633030,"великие поля битвы, где уже не сектантам, а"
1633030,1636090,потомкам древних приходится сражаться против ловушек предков.
1636950,1639930,"Я, прислушиваясь к суете в лагере, поднял голову,"
1639950,1642570,"вглядываясь вдаль, в границу, где смокалось небо и"
1642570,1645950,"земля, где выселись далекие горы, к подножию которых"
1645950,1646910,мы должны пройти.
1647810,1651150,"Ложные горы, если верить недавнему рассказу Седова, в"
1651150,1652850,чем опыте я не мог сомневаться.
1653550,1655610,За свою недолгую жизнь я побывал в двух
1655610,1659090,"городах древних, которые выстояли против сектантов, и в"
1659090,1660390,которых выжили их духи.
1660910,1662510,"То, что я видел перед собой, и то,"
1662550,1665470,"что мы должны были пройти, выглядело странной смесью"
1665470,1667830,обоих городов и моих дорог через них.
1668550,1671550,"Смесь миражного с его ложными обликами города, когда"
1671550,1674570,с улицы ты видишь полуразрушенное крошечное здание среди
1674570,1677910,"сухой травы, а переступив за границу поместья, оказываешься"
1677910,1681830,"в бушующей зелени сада, посреди которого возвышается громадина"
1681830,1684910,"в несколько этажей, и смесь города тысячи этажей"
1684910,1687990,"с его големами и лабиринтом переходов, среди которых"
1687990,1689590,есть только один верный путь.
1690250,1693250,"Снова и снова задумаешься, а точно ли случайно"
1693250,1695590,мне выпали на пути именно эти два города
1695590,1696050,древних?
1696550,1698850,Не был ли мой путь возвышения лишь подготовкой
1698850,1701450,"к этому дню, к этому каменному лабиринту?"
1702110,1703710,Я не знал ответа на этот вопрос.
1704190,1707150,"Возможно, ответ могла бы узнать Лейла, задав его"
1707150,1709590,"небо, но она точно не стала бы делиться"
1709590,1710190,им со мной.
1710770,1713650,"Я знаю, я пробовал упростить себе так дорогу."
1714310,1716870,"Кстати, тут поневоле напрашивается еще один вопрос."
1717330,1719650,А так ли случайно оказалась разделена наша семья?
1720150,1722490,"Так ли случайно я лишился той, что рано"
1722490,1726410,"или поздно могла эту дорогу упростить, случайно проговорившись"
1726410,1726870,о чем-то?
1727550,1731070,"Я поднял голову еще выше, к небу, растянул"
1731070,1732830,непослушные губы в кривую ухмылке.
1733350,1735530,Не переоцениваю ли я свою персону?
1735870,1737890,Кто бы дал мне ответ на этот вопрос?
1738770,1741230,"Небо молчало, но так и я, не говорящий"
1741230,1741650,с небом.
1742190,1744330,"Молчали и облака, плывущие по нему."
1744890,1747890,"Ни звука грома, ни вспышки молний, ни путеводного"
1747890,1751810,"луча солнца, пробившегося облака и указавшего вход в"
1751810,1752290,лабиринты.
1752850,1753330,Сам.
1753690,1754330,Все сам.
1754990,1755750,Оно и к лучшему.
1756610,1757150,— Глава!
1757690,1759170,— я обернулся к Рогедону.
1759710,1761670,Тот резко кивнул и отрывисто сообщил.
1761810,1762570,— Готово!
1763010,1765170,"Я оглядел всех, кто пошел со мной."
1765750,1766410,Многовато.
1766950,1769650,"Или, вернее, будет сказать, что орденцев маловато для"
1769650,1770010,нужного.
1770730,1771090,Ладно.
1771710,1775070,"Старейшины, включая самого Рогедона, на людей которого должна"
1775070,1777930,"лечь самая тяжелая часть, уверяли меня, что их"
1777930,1778470,достаточно.
1779110,1781510,Я повторил кивок старейшины и вслух приказал.
1781830,1782590,— Выступаем!
1783250,1784170,— он поджал губы.
1784270,1785490,— Есть проблема.
1786130,1790090,"Некоторые наемники возмущены, считают это нарушением контракта."
1790650,1792330,"Неприятно, но ожидаемо."
1792790,1795430,"И, конечно же, старейшины не захотели решить это"
1795430,1795730,сами.
1796250,1797710,Очередной урок проверка.
1798490,1798970,Я не стал.
1800410,1803090,"Устал за эти дни, просто коротко приказал —"
1803090,1804250,«Иди».
1804620,1807810,"Наёмников оказалось больше, чем ожидал — четыре властелина"
1807810,1811010,и шесть десятков идущих в подчинённых им отрядах.
1811530,1814430,"С последними понятно — чтоб приказали командира, то"
1814430,1815370,они и повторили.
1816190,1819410,"Вперёд шагнул Тартакал, один из тех, кто пытался"
1819410,1821210,победить меня в битве духовной силы.
1821710,1824770,"Резко заявил — «Аниматель, мы о таком не"
1824770,1828070,договаривались — добывать ключ без нас!» Седой
1828070,1830470,тоже шагнул вперёд и рявкнул — «Где твоя
1830470,1831650,"вежливость, наёмник?"
1832010,1835910,Живо поприветствовал главу!» Тартакал изонул Седого злым
1835910,1838670,"взглядом, но тут же согнул спину — не"
1838670,1840970,властелину второй звезды оспаривать приказ старшего.
1841610,1845250,"«Аниматель, приветствую вас!» Выпрямившись, всё так же"
1845250,1847450,громко рыкнул он — «Не было о таком
1847450,1850050,речи!» — «О чём таком?» —
1850050,1853090,"«О поле битвы!» — «Правда, собратья?»"
1853090,1855770,"Его тут же поддержали дружным гулом, кто бы"
1855770,1856330,сомневался.
1856330,1859810,Я пожал плечами и с недоумением уточнил —
1859810,1861530,"«О чём ты, собрат Тартакал?"
1862030,1864050,Мы на поле битвы с момента выхода из
1864050,1866390,"города Пяти ветров, не поздно ли ты начал"
1866390,1869750,беспокоиться?» — «Аниматель!» — изумился в
1869750,1872290,ответ Тартакал — «О чём вы говорите?
1872990,1876310,Одно дело — давно безопасное пространство вокруг главного
1876310,1879830,"города Мурлан, совсем другое — каменный лабиринт, в"
1879830,1882190,"котором они, по слухам, каждый год теряют по"
1882190,1882990,сотне идущих.
1883550,1886350,"Я глянул на солнце, которое показывало, как много"
1886350,1888770,"времени мы уже потеряли с этим спором, и"
1888770,1890250,"решил закончить его, — сказал."
1890930,1892850,— «Мы долго могли бы перекидываться словами.
1893290,1895290,"Я бы убеждал, что одно дело — окраина"
1895290,1898310,"лабиринта, где всё точно так же истоптано идущими"
1898310,1901390,"Мурлан, как и в окрестностях их городов, что"
1901390,1904050,совсем другое дело — идти вглубь запретов за
1904050,1904430,ключом.
1904830,1906550,Но не буду всего этого говорить.
1907030,1909810,"В вашем контракте значатся охрана семьи от людей,"
1910170,1911630,зверей и прочей мелочи.
1912060,1914430,Никто не заставляет вас сражаться с големами или
1914430,1914970,призраками.
1915430,1916650,Я нарушил контракт?
1917310,1917710,— Нет.
1918310,1921090,"Не оставалось Тартакалу ничего другого, как признать мою"
1921090,1921490,правоту.
1921870,1922650,— Но...
1922650,1923650,— Никаких «но»!
1923910,1924750,— оборвал я его.
1925230,1927130,— Моя половина контракта спокойна.
1927630,1930570,"Я ничего не нарушил, но могу пойти навстречу"
1930570,1931290,вашим страхам.
1931730,1932290,Один раз.
1932890,1935810,Вы можете сейчас разорвать контракт и возвратить мне
1935810,1938190,мои духовные камни и неустойку сверху.
1938710,1939130,Не хотите?
1939130,1942370,"Тогда занимайте место в построении и дальше молчите,"
1942710,1945070,пока не будет настоящего нарушения контракта.
1945610,1947110,Даю десять вдохов на решение.
1947690,1950430,"Контракты с ним заключались уже с советами старейшин,"
1950830,1954210,"включая казначея, и неустойки там значились немалые."
1954730,1957350,Так что Тартакал скрипнул зубами и поклонился.
1957950,1959590,"— Наниматель, мы покоримся!"
1960390,1962930,"Я проводил его в спину взглядом и, наконец,"
1963050,1963790,занялся делом.
1964230,1966470,Направился к страже семьи вместе с Рагидоном.
1967210,1970290,"Добравшись, неспешно оглядел их всех, как никогда остро"
1970290,1973310,"ощущая, что мы все — части единого целого."
1973890,1974650,Негромко сказал.
1975050,1975590,— Двинули.
1976190,1978690,"Рагидон тут же повторил мой приказ уже мыслью,"
1978930,1982110,"и все стражники дружно сделали первый шаг, твердо"
1982110,1983010,зная свое место.
1983710,1986550,"В центре отряда самые беспомощные, чем ближе к"
1986550,1988430,"краю, тем более сильные и опытные."
1988930,1990810,"Они, старейшины и я."
1991750,1994330,"Да, мы сейчас собирались повторить то, что я"
1994330,1997210,когда-то проворачивала в городе тысячи этажей —
1997210,1999350,"провести через големов тех, кто не мог себя"
1999350,2002950,"защитить, вернее провести через них вообще всех, и"
2002950,2004970,"тех, кто не мог постоять за себя, и"
2004970,2007310,"тех, кто не умел за себя сражаться, и"
2007310,2009670,"тех, кто боялся это делать, и тех, кто"
2009670,2012150,"не хотел этого делать, потому что не таков"
2012150,2012970,их контракт.
2013730,2016870,"Разумеется, вынести всех големов по частям, как это"
2016870,2018610,делал я сам по пути к поместью с
2018610,2022030,"кристаллами и обратно, было бы проще, но старейшины"
2022030,2025390,"хотели большего, они хотели увести всех людей вглубь"
2025390,2028350,зон запретов и при этом не облегчать дорогу
2028350,2030410,"тем, кто может последовать за нами."
2030950,2033470,"И уверяли, что они ни раз, ни два"
2033470,2036330,"и даже не десять проворачивали такое, в клане"
2036330,2037290,"кунг, разумеется."
2037990,2039910,"Жаль, конечно, что я не мог оставить с"
2039910,2042650,"собой больше орденцев, сейчас они были бы как"
2042650,2045910,"никогда кстати, их едва хватало, чтобы жидкой цепью"
2045910,2049030,"растянуться вокруг того, что считалось семьей сломанного клинка."
2049870,2052850,"Мечи замерли в следующей линии защиты, в третьей"
2052850,2057589,"линии стояли мелкие наемные отряды, злые, недовольные, а"
2057589,2060470,"многие еще и трясущиеся от страха или злости,"
2060610,2061390,как Тартакал.
2062010,2064890,"Мне удалось доказать, что это другое, но стоит"
2064890,2067630,хотя бы одному мечу или наемнику погибнуть от
2067630,2070330,"лап големов, как у них появится повод обвинить"
2070330,2073050,меня в нарушение контракта и бросить меня и
2073050,2075970,"всех, старейшины клялись, что этого не допустят."
2076530,2079050,"Я надеялся, что так оно и будет, но"
2079050,2081370,все равно готовился подстраховать их указами.
2081370,2084190,"Раскрыл ладонь, доставая из кольца шлем."
2084830,2087730,"Надел его и тут же снова разжал, сжал"
2087730,2090190,"кулак, за этот миг успев достать из него"
2090190,2092830,"копье и сомкнуть пальцы уже на его древке,"
2093450,2095470,шаг влево вливаясь в цепь защитников.
2096030,2099230,"На острие я и Седой, остальные сильнейшие бойцы"
2099230,2101490,семьи распределены равномерно вокруг отряда.
2102410,2105550,"Двадцать шагов, остается лишь шаг до первой вешки,"
2106050,2107550,и Седой зычно предупреждает.
2108130,2109990,— Зона запрета полетов!
2109990,2112930,"Никто из тех, кто может, не летит сейчас."
2113430,2115830,"Все топают по земле, и никому не грозит"
2115830,2118750,"упасть с неба, но все равно бледнеют ноги."
2119490,2122290,"Мы бредем, загребая песок и приближаясь к широкой"
2122290,2125130,"расщелине, одному из входов в каменный лабиринт."
2125870,2128930,Несколько десятков тысяч шагов по извилам этой гигантской
2128930,2130990,"трещины, которой на самом деле нет."
2131570,2134470,"Все, кого мы охраняем, уже не бледны, привыкли."
2135030,2137450,Мальчишки то и дело норовят показать свою храбрость
2137450,2140410,"и выскочить за кольцо охраны мечей, идущие из"
2140410,2142870,"тех, кто послабее, кто даже не пытался выходить"
2142870,2146490,"на поле битвы, завели полное пустое обохвальство разговоры,"
2146790,2150370,но впереди вдруг внезапно резко показывается вторая вешка
2150370,2154570,"— древко высотой с человека, зеленым полотнищем, которое"
2154570,2156790,мы должны были заметить сотни вдохов назад.
2157570,2158590,Седой предупреждает.
2159110,2160490,— Зона запрета техник!
2160990,2164730,"Далее используйте только внутренние техники, если не хотите"
2164730,2166610,получить разрывы меридианов и травмы.
2166610,2171050,"Словно насмехаясь над нами, древние, которых уже давно"
2171050,2173990,"нет в живых, показывают, что ни им, ни"
2173990,2175750,их творением запреты не писаны.
2176390,2179790,"Пейзаж вокруг тоже сменяется вдруг, резко, неожиданно."
2180490,2184130,"Солнечный свет тускнеет, небо темнеет, словно за время"
2184130,2187190,"одного шага, который я делал, наступил вечер."
2187830,2190250,"Отвесные скалы, до которых вдох назад нужно было"
2190250,2193110,"еще шагать и шагать, вдруг оказываются уже слева"
2193110,2196650,"и справа, словно расщеленно прыгнуло на нас, заглатывая"
2196650,2199750,"и закрывая от солнца, обдавая холодным дыханием из"
2199750,2200110,пасти.
2200750,2203550,"Словно этого было мало, с каждым шагом стены"
2203550,2207530,"расщелены, вздымаются все выше и выше, гораздо быстрее,"
2207670,2209050,чем это должно быть на самом деле.
2209830,2212690,"Тысячи шагов, и они высотой уже выше любого"
2212690,2216250,"из небесных исполинов, закрывающих небо и солнце, нависают"
2216250,2219550,"над нами, заставляя почувствовать себя крохотными букашками."
2220270,2223130,Вход уже кажется бездонной черной глоткой какого-то
2223130,2224130,чудовищного зверя.
2224130,2226770,"Впрочем, что значит «какого-то»?"
2227010,2229570,"Опасного, громадного и непобедимого."
2230530,2233230,"Я на ходу оборачиваюсь, четко видя ту границу,"
2233270,2234550,на которой это происходит.
2235170,2238550,Вот расслабленные лица искажают гримаса удивления и даже
2238550,2239070,страха.
2239630,2243250,"Все все знают, всем все объяснили, все готовы,"
2243750,2246410,"но ничего не могут поделать с ужасом, который"
2246410,2248550,накатывает на них в момент смены иллюзии.
2249310,2253510,"Огромной, качественной иллюзии, которая действует там, где не"
2253510,2255210,действуют техники и формации.
2255970,2258450,"Еще одна тайна древних, которую никто так и"
2258450,2259050,не разгадал.
2259550,2263330,"Даже Орден Небесного Меча, который научился выковыривать формации"
2263330,2265810,"защиты из Зон Запрета, но так и не"
2265810,2268370,сумел заставить эти формации искажать миражами.
2269150,2271870,"Считается, что для такого эффекта в формации запретов"
2271870,2273350,вплетены массивы иллюзий.
2273890,2276490,"Вплетены как бы не небесным воином, потому что"
2276490,2280090,"даже многоопытные старейшины, бывшие когда-то комптерами Ордена,"
2280450,2283050,"не могли точно определить, сколько же сил нужно"
2283050,2286070,"на подобное, чтобы вот тут работало, а тут"
2286070,2289150,"не работало, чтобы тут запрет техник, а тут"
2289150,2291790,"солнце гаснет, но ведь гаснет только для тех,"
2291910,2292750,"кто вошел, верно?"
2293590,2295190,Многие не ограничились гримасами.
2295630,2299530,"Уздрагивали, ругались, дергались, сбивались с шага, но никто"
2299530,2301010,не попытался побежать прочь.
2301430,2302110,Уже хорошо.
2302110,2306970,"Я, наконец, отвернулся, обратив теперь взгляд вперед, туда,"
2307150,2309330,откуда скоро должны показаться первые големы.
2309790,2310570,"Вернее, вторые."
2311190,2314490,"Первых искателей семьи уже выбили вчера, разведывая дорогу."
2315049,2318510,"Я, разумеется, помнил, что глядеть бесполезно, но ничего"
2318510,2319630,не мог с собой поделать.
2320289,2323110,"Вздохнув, постарался растянуть посильнее сферу восприятия."
2323590,2324350,Сто шагов?
2324610,2324890,Ничего.
2325490,2326230,Триста шагов?
2326550,2326850,Ничего.
2327630,2328410,Тысяча шагов?
2328790,2329170,Ничего.
2329170,2331270,Две тысячи шагов.
2331470,2334590,"В прохладный ветер вплялась теплая, едва уловимая струя."
2335170,2338010,"Я резко поворачиваю голову, обращая взгляд на Седова."
2338710,2339830,Тот кивает и ряпкает.
2340050,2341270,— Приготовились!
2342050,2344010,Големы не люди и не звери.
2344490,2346810,"Их не испугать криком, не насторожить."
2347450,2350390,Они знают только одно — уничтожить нарушителей.
2350970,2353170,"Для них всех мы враги, сектанты."
2353850,2357370,"Шесть шагов, семь шагов, восемь шагов."
2357370,2361590,"Из пустоты, из ничего, где только что ничего"
2361590,2365470,"не было, вываливается серая шипастая тварь, даже в"
2365470,2369390,"полумраке здешнего миража, сверкающая гладкой полированной шкурой."
2369970,2371930,"У меня было лишь мгновение на то, чтобы"
2371930,2372630,вскинуть копье.
2373050,2373690,Мне хватило.
2374230,2377030,"Резкий выпад, и Голем лишается сначала одной, а"
2377030,2377930,затем и второй лапы.
2378530,2381430,"Шаг вперед, под током по пасти, отводя зубы"
2381430,2383710,"и пнуть в грудь, откидывая Голема в сторону."
2384210,2387650,"Как можно сильнее, как можно дальше, чему единение"
2387650,2389490,и техника усиления только помогают.
2390050,2392210,"Голем слева, справа, еще раз слева."
2392790,2395650,Спустя десять вдохов рубится уже треть стражников и
2395650,2399050,"искателей семьи, рубится, даже не пытаясь убивать Големов."
2399610,2401950,"Да, убивать проще, убивать быстрее."
2402430,2404690,Но если мы хотим оставить между собой и
2404690,2408050,"незваными гостями полосу защиты, то каждый из этих"
2408050,2409090,Големов нам нужен.
2409790,2411350,Я многое узнал за эти дни.
2411810,2414470,"О Големах, о забавах древних с их фигурками"
2414470,2415910,и о своей тупости.
2416610,2418910,Насчет последней особенно старался Седой.
2419510,2422110,"Хорошо, хоть делаю это лишь наедине и муслиречью."
2422510,2424190,"Впрочем, я его отлично понимал."
2424930,2428250,"Ну да, поместье древних, библиотека с памятью повелителя"
2428250,2430990,"стихии, тайный подвал, в который так сложно было"
2430990,2432370,попасть и игрушки там.
2432830,2433950,Это же и правда смешно.
2434710,2438830,"Не игрушки, а главная часть управления формациями, которые"
2438830,2441690,защищали поместье и создавали Големов в том числе.
2442390,2444770,"Не только подвала, но еще и какого-то"
2444770,2445570,города древних.
2446310,2448690,Что-то вроде крохотного поля битвы внутри большого
2448690,2450890,поля битвы и своего подобия ключ.
2451590,2452250,Без портала.
2452730,2454690,Но и без этого это был очень жирный
2454690,2457570,"куш, за который на аукционе передрались бы даже"
2457570,2460870,"идущие из семи звездных фракций, ведь это возможность"
2460870,2465290,"защитить свой дом, свое поместье, поставить Големов древних"
2465290,2467930,"себе на службу, щелкнув по носу соседу, у"
2467930,2469530,которого такого нет и не будет.
2470150,2472970,"Но, разумеется, передрались бы только за полный набор,"
2473430,2477290,"управление формациями и сами формации, которые и создают"
2477290,2477730,Големов.
2478610,2481850,"Я шагал вперед методично и не тороплю, превращая"
2481850,2483390,нападающих Големов в коллег.
2484030,2487390,"Чем меньше повреждений, тем проще будет местным формациям"
2487390,2488730,восстановить своих защитников.
2489370,2491370,"Они, в общем-то, умудряются сделать это даже"
2491370,2493970,"в том случае, если Големов полностью уничтожить."
2494590,2497810,"Даже если выпотрошить Големов, лишив их глаз накопителей,"
2498130,2500070,то формации сумеют создать новые.
2500670,2502350,И вот по этой части у меня все
2502350,2503750,больше и больше вопросов.
2504410,2506530,"Нет, не о том, почему нельзя использовать их"
2506530,2509450,"вместо духовных камней, и не такие ли формации,"
2509450,2512290,"только огромные и чуть другого вида, находятся там,"
2512710,2514690,где расположены шахты духовных камней.
2515150,2517270,"Нет, мой главный вопрос в другом."
2517730,2520630,Почему мои указы действуют на Големов в внешних
2520630,2521350,полей битв?
2521850,2524570,"А еще более главный вопрос, почему я не"
2524570,2526730,обратил внимание на эту странность раньше?
2527430,2530270,"Еще, считая год назад, когда первый раз использовал"
2530270,2532270,свои силы против Големов у поместья.
2532890,2536150,"Выпад, но мое копье, вместо того, чтобы начисто"
2536150,2539850,"отрубить лапу Голему, притворяющемуся поместью тигра, мада и"
2539850,2543250,"пантеры, оставляет лишний глубокий разрез в камне его"
2543250,2543610,тела.
2544190,2547950,"Я выворачиваю копье, заплетаю им лапы Голема, наваливаюсь,"
2548030,2550630,"превращая его прыжок в падение, рву древко на"
2550630,2553690,"себя, прокручивая его, обрушиваю на Голема еще один"
2553690,2556870,"удар, точно в разрез, отрубая, наконец, лапу."
2557810,2560150,Причина моей затяжной схватки очевидна.
2560670,2562210,Големы повысили ранг силы.
2562750,2565350,"Пнуть прямо в морду Голему, сбивая попытку встать"
2565350,2566230,на уцелевшие лапы.
2566630,2568810,"И меня и Голема откинуло в разные стороны,"
2569270,2572150,"порвало клоп по песку силы удара, напоминая, что"
2572150,2573210,у нас нет опоры.
2573730,2575650,А через миг я уже тянулся вперед в
2575650,2579450,"длинном выпаде, лезвией, черкнув Голема по брюху, глубоко"
2579450,2580510,вошло в заднюю лапу.
2581110,2583430,"С трудом удержался от того, чтобы наполнить меридианы"
2583430,2586610,"силой, используя, если не звездные лезвия, то технику"
2586610,2587070,раскола.
2587530,2587950,Нельзя.
2588570,2589490,Зона запрета техник.
2590030,2590790,Три вдоха.
2591270,2594330,"Справился и без оружейных техник, уловив справа от"
2594330,2597530,"себя облегченный вздох стражника семьи, какого-то орденца."
2598230,2600850,Мельком скользнул по нему всего лишь предводителю взглядом.
2601250,2602910,Не кинулся спасать своего главу.
2603210,2604010,Уже молодец.
2604550,2606070,Но верить в меня нужно сильней.
2606510,2608690,"Может, мало было у стражников тренировок с моим"
2608690,2609250,участием.
2610030,2613170,"Отброшенный Голем пытался достать нас, тех, кого он"
2613170,2616170,"считал сектантов, прыгая на двух уцелевших лапах."
2616510,2618310,"Но это скорее смешно, чем опасно."
2618810,2621610,Каждому из таких коллег-беглецов хватало хорошего пинка
2621610,2624950,"или удара плашмя тяжелым мечом, чтобы снова отшвырнуть"
2624950,2626530,от строя внешних защитников.
2627230,2629770,Ни один из мечей или других наемников еще
2629770,2631110,ни разу не вступил в схватку.
2631810,2634470,"Приноровившись к новому ритму схватки, я вновь вернулся"
2634470,2635310,к рассуждениям.
2636010,2638150,Мои указы действуют только на живое.
2638650,2641810,"Я выяснил это очень и очень давно, то"
2641810,2643950,"ли в пустошах нулевого, то ли в лесу"
2643950,2645670,небесных исполинов морозной гряды.
2645670,2647630,Исключений с тех пор не было.
2648230,2651330,"Люди, звери и монстры, растения и звери."
2651950,2653470,"Те, кто был жив и у кого была"
2653470,2657010,"душа, которую я мог заклеймить своим указом, заставив"
2657010,2658550,бежать в страхе или умереть.
2659250,2662330,"Но были еще одни противники, на которых действовали"
2662330,2663110,мои указы.
2663590,2664010,Призраки.
2664970,2665830,С ними все понятно.
2666330,2669410,"Они, по сути, квинтэссенция души, сама эта субстанция."
2669990,2671430,Я невольно криво улыбнулся.
2671950,2674810,Вот что с собирателями камней из нулевого делают
2674810,2678330,учителя и горы книг давно умерших мудрецов.
2678670,2682170,"Теперь собиратель камней даже не ломает язык, выговаривая"
2682170,2683110,столь сложные слова.
2683910,2686090,"Но суть в том, что если есть душа,"
2686430,2689190,"то на нее можно воздействовать, и это может"
2689190,2690190,значить только одно.
2690810,2692630,У големов она тоже есть.
2693490,2695790,"Что я тут же и проверил, словно не"
2695790,2697150,доверял себе и своей памяти.
2697830,2698270,Слабость.
2698690,2702730,Возникшая надорвущимся к камне големам печать подействовала безотказно.
2703370,2705930,"У него разъехались лапы, словно его придавила незримая"
2705930,2706390,тяжесть.
2706970,2709910,"Голем запнулся, сменив бег на неуверенные шаги."
2710510,2711670,"Выпад, еще один."
2712190,2714470,"Привычный пинок, втянуть в себя силу души из"
2714470,2715730,"печати, развеивая ее."
2716310,2719210,"Вернувшиеся в полете силы, калеки уже не могли"
2719210,2721530,"помочь, что и требовалось доказать."
2722430,2725670,Почему я принял возможность убивать големов талантом указов
2725670,2726290,как должное?
2726850,2729010,"На это у меня нет ответа, хотя я"
2729010,2731350,никогда не считал себя мудрым или догадливым.
2731910,2734230,"Принял как должное, даже не задумавшись."
2735150,2737490,"Нет у меня ответа и на вопрос, почему"
2737490,2739190,указы не действовали на них раньше.
2739790,2741370,"Вернее, ответов у меня два."
2741910,2744750,Либо големы простых полей битв в тюремных поясах
2744750,2747970,и в городах древних отличаются от големов внешних
2747970,2750450,"полей битв, либо моя сила и мой талант"
2750450,2750910,растет.
2751490,2754430,Лишь возвращение в тюремные пояса и опыты могут
2754430,2756670,"показать, какой из ответов правильный."
2757450,2758850,Я склонялся ко второму.
2759310,2760270,Моя сила растет.
2760770,2762990,"Скорее всего, главную роль в этом играет само"
2762990,2763570,возвышение.
2764270,2765850,"Раньше у меня не было сил на то,"
2765930,2767410,чтобы сохранять печати во сне.
2767950,2769730,"Затем не было сил на то, чтобы видеть"
2769730,2771390,чужие печати без помощи своей.
2772090,2774030,Я когда-то не умел добавлять второй и
2774030,2776810,"третий цвет в указы, усиливая их, и прочее,"
2777010,2778990,"и прочее, на что я даже не обратил"
2778990,2781650,"внимания, шагая к небу, как не обратил внимания"
2781650,2784130,"на то, что указы стали убивать големов."
2784730,2787310,"Но каков бы ни был правильный ответ, даже"
2787310,2789430,"если дело не в моей силе и возвышении,"
2789950,2791970,"это не отменяло того, что если в големах"
2791970,2794070,"нет души, то и действовать не на что."
2794910,2797110,Этот вывод уже очень неприятный.
2797650,2800230,Снова вспомнился шар бедствия над полем битвы у
2800230,2803550,"вольного приюта, волна призраков и их схватка с"
2803550,2803970,големами.
2804790,2806030,С сектантами все понятно.
2806610,2809270,"Они убивают идущих, используя их тела для своих"
2809270,2813030,"пилюль, их средоточия для своего возвышения, их кости"
2813030,2816290,"для артефактов, а их души для создания призраков"
2816290,2816910,и прочее.
2817530,2819250,Но что мне теперь думать о древних?
2819730,2821130,Что находится в големах?
2821530,2824010,"Что находится в их ярких глазах, которые так"
2824010,2826930,"любят поглощать призрак, а седой умеют использовать для"
2826930,2828970,превращения в простенький артефакт?
2829750,2832930,"С одной стороны, это накопитель, который полон энергии"
2832930,2835250,неба и позволяет голему двигаться и сражаться.
2835810,2839069,"С другой стороны, очередного голема я встретил, сам"
2839069,2842510,"прыгнув вперед, напередив его прыжок, ударив копьем сверху,"
2842970,2845130,добавляя к силе рук еще и мощь падения.
2845890,2848710,"Пусть в моих руках не могут монстров, созданные,"
2848830,2851850,"чтобы слабые идущие могли пробить броню монстра, но"
2851850,2852770,хватило и этого.
2853470,2855770,"Я прорубил бок голему от хребта до брюха,"
2856190,2859050,"а через три вдоха закончил начатое, разделив его"
2859050,2861730,"на две неравные части, переднюю и заднюю."
2862390,2864110,Встревоженный седой был тут как тут.
2864330,2866430,«Молодой глава!» — «Все в порядке!
2866770,2868730,Продолжайте по плану!» — отмахнулся я.
2869470,2871910,Через миг вывесил над тушей голема большой круг
2871910,2873250,"печати, слабость."
2873890,2876850,"Она уронила вниз только одну небольшую печать, только"
2876850,2880850,"на переднюю часть голема, полностью проигнорировав начавшие трескаться"
2880850,2882690,задние лапы и кусок тела.
2883410,2885910,"Но это ничего не значит, как там писал"
2885910,2887930,создатель трактата «Инструмент».
2887930,2890430,Вывод ничего не значит без полной проверки над
2890430,2891370,противоположностью.
2891970,2894570,"В моем случае, без такого же разрубания обычного"
2894570,2897430,зверя и проверки печати уже на двух его
2897430,2898010,половинах.
2898490,2900610,"Но одно точно ясно — то, на что"
2900610,2903930,"я воздействую печатью указа, находится в передней части"
2903930,2904410,голема.
2905250,2907830,"Еще невольно вспомнилась ловушка на поле битвы, куда"
2907830,2909410,меня и Рейку завел Юрлем.
2909950,2912690,"Там была формация, которая собирала души всех убитых"
2912690,2915110,в том месте и создавала из них призраков.
2915770,2917630,В тот день я принял ту формацию за
2917630,2921270,"сектанскую, но теперь, теперь меня гложут сомнения."
2922190,2924990,Десятки лет идущие на поле битвы убивали призраков
2924990,2928090,"в таких местах, а флаг миллиона убийств кропотливо"
2928090,2931250,"собирал души самих павших идущих, чтобы в один"
2931250,2934250,не очень прекрасный день выплеснуть их волной бедствия.
2935110,2936090,"Как знакомо, правда?"
2936650,2938370,"Точно так же, как и на внешних полях"
2938370,2942410,"битв, уже защитные формации выплескивают волны големов."
2943010,2945790,"Нет, разумеется, и здесь можно увидеть висящий в"
2945790,2949010,"небе черный шар и увидеть волну призраков, но"
2949010,2951630,"я сейчас размышляю о другом, о том, что"
2951630,2954950,"идущие на полях битв тюремных поясов, идущие на"
2954950,2958110,внешних полях битв Империи уничтожают големов год за
2958110,2961490,"годом, а те снова и снова появляются, становясь"
2961490,2963650,на защиту владений давно мертвых древних.
2964210,2966790,"Что, дар с меня побери, становится той основой,"
2967010,2969790,"которая заставляет их двигаться, и на что ложатся"
2969790,2970410,мои печати?
2971050,2971450,Души.
2972330,2976530,"Души големов давно погибших сектантов, идущих и прочих,"
2976790,2980990,"которые тщательно, кропотливо собирают формации древних, сберегая для"
2980990,2981970,новых тел големов.
2982810,2986970,"Империя и Альянс, давно разделившиеся, но бывшие когда"
2986970,2990830,"-то едиными пять изначальных кланов, идущие, следующие к"
2990830,2993110,небу такими на самом деле близкими путями.
2993950,2995050,Големы не говорят?
2995630,2997690,"Так и мой призрак не может ни говорить,"
2997870,3000570,"ни писать, ни толком ответить даже «да-нет»"
3000570,3002230,на большую часть моих вопросов.
3002770,3004630,"Можно ли при этом считать, что в големах"
3004630,3008530,"древних использован какой-то заменитель, обманка, неду-душа,"
3008890,3011170,"которую я смог зацепить, став сильней?"
3011690,3011870,Да?
3012370,3012650,Нет?
3013150,3014110,А что с духами?
3014630,3016150,С духами городов и павильонов?
3016790,3020310,"Я невольно поджал губы, вспомнив Маоруса Изарда с"
3020310,3024250,"его двухцветными глазами и двумя разумами внутри, двумя"
3024250,3024690,душами?
3025390,3028270,А дух Каори с ярко-красными глазами и
3028270,3032170,"теми словами «Меня создал небесный воин семьи Кавиот,"
3032570,3034710,Гранд-Риол-Стражей».
3034710,3035990,Что значит «создал»?
3036390,3040430,"Как создают духов подобные силы, которые совершенно неотличимы"
3040430,3044090,"от человека, которые намного совершеннее любого известного мне"
3044090,3047290,"человека, так ли уж различные пути Альянса и"
3047290,3047730,Империи?
3048750,3051370,"Считать так не хотелось, очень не хотелось."
3051870,3053410,"Все же, с детства я привык к тому,"
3053550,3057650,"что древние были великими, были справедливыми, были могучими."
3058310,3060670,"Очень не хотелось, чтобы в итоге оказалось, что"
3060670,3064290,"духов они создавали из людей, вырывая из них"
3064290,3066130,душу и превращая ее в духа.
3066870,3069790,"Точно так же, как сектанты делают призраков, только"
3069790,3071010,во много раз качественней.
3071590,3074390,"Да и это еще неизвестно, как выглядит главный"
3074390,3077070,призрак Флага Миллиона Убийств в момент своей пиковой
3077070,3077430,силы.
3078090,3080550,Я встретил его спустя сотню лет после тяжелой
3080550,3083290,"битвы, когда от самого Флага и его мощи"
3083290,3086070,"осталось так немного, что какой-то жалкий мастер"
3086070,3087290,сумел его уничтожить.
3088110,3090790,А как выглядит призрак этапа Повелителя Стихии?
3091270,3093450,Сколько у него свободы воли и разума?
3093930,3096050,Может ли он действовать по своему усмотрению?
3096830,3098110,Вот мой призрак может.
3098630,3101210,"И уйти, и убить, если ему не хватает"
3101210,3102070,сил или жизней.
3102670,3104790,А вот тот же дух города выйти из
3104790,3105910,своего города не может.
3106610,3109330,"Не может удалиться от вместилища его сути, от"
3109330,3112310,"формации, массива или чего-то там, где был"
3112310,3112750,создан.
3113610,3116130,"Как много вопросов, как мало ответов."
3116650,3119190,"Но теперь я хотя бы знаю, чем разбавлю"
3119190,3121950,"уроки, которые впихивают в меня старейшины."
3122730,3124870,"Тем, что для меня сейчас очень важно."
